gazetka_id,sklep,nazwa,od,do,strony,liczba_ofert,pierwsze_pobranie,ostatnie_pobranie,url
528000,Lidl,Katalog,2026-10-12,2026-10-24,57,131,2026-10-07,2026-10-10,https://blix.pl/sklep/lidl/gazetka/528000/
527235,Lidl,Katalog,2026-10-12,2026-10-24,57,126,2026-10-05,2026-10-07,https://blix.pl/sklep/lidl/gazetka/527235/
528384,Kaufland,Mocny Start,2026-10-12,2026-10-14,31,250,2026-10-10,2026-10-10,https://blix.pl/sklep/kaufland/gazetka/528384/
528381,Kaufland,Oferta Kaufland - SUPER SOBOTA,2026-10-10,2026-10-10,31,235,2026-10-09,2026-10-10,https://blix.pl/sklep/kaufland/gazetka/528381/
528288,Biedronka,"Hity i inspiracje, od 10.10",2026-10-10,2026-10-28,45,311,2026-10-09,2026-10-10,https://blix.pl/sklep/biedronka/gazetka/528288/
528561,Biedronka,Weekendowe okazje,2026-10-09,2026-10-10,6,30,2026-10-10,2026-10-10,https://blix.pl/sklep/biedronka/gazetka/528561/
528534,Biedronka,Weekendowe okazje,2026-10-09,2026-10-10,5,29,2026-10-09,2026-10-09,https://blix.pl/sklep/biedronka/gazetka/528534/
528315,Biedronka,Zakupowe Inspiracje - produkty do domu i dodatki modowe,2026-10-09,,19,18,2026-10-09,2026-10-10,https://blix.pl/sklep/biedronka/gazetka/528315/
528279,Biedronka,Weekendowe okazje,2026-10-09,2026-10-10,4,28,2026-10-09,2026-10-09,https://blix.pl/sklep/biedronka/gazetka/528279/
528180,Biedronka,Produkty FIT i PROTEINOWE - przegląd cen,2026-10-09,2026-10-12,16,14,2026-10-09,2026-10-10,https://blix.pl/sklep/biedronka/gazetka/528180/
527499,Biedronka,Zakupowe Inspiracje w Biedronce,2026-10-09,,19,18,2026-10-09,2026-10-10,https://blix.pl/sklep/biedronka/gazetka/527499/
528132,Lidl,Od czwartku,2026-10-08,2026-10-10,98,526,2026-10-08,2026-10-10,https://blix.pl/sklep/lidl/gazetka/528132/
528027,Lidl,Od czwartku,2026-10-08,2026-10-10,99,533,2026-10-08,2026-10-08,https://blix.pl/sklep/lidl/gazetka/528027/
527715,Lidl,Gazetka,2026-10-08,2026-10-10,99,528,2026-10-07,2026-10-07,https://blix.pl/sklep/lidl/gazetka/527715/
528519,Kaufland,Gazetka Tygodnia,2026-10-08,2026-10-14,71,584,2026-10-09,2026-10-10,https://blix.pl/sklep/kaufland/gazetka/528519/
527790,Kaufland,Gazetka Tygodnia,2026-10-08,2026-10-14,71,584,2026-10-07,2026-10-09,https://blix.pl/sklep/kaufland/gazetka/527790/
527532,Kaufland,Oferta Kaufland - Non Food,2026-10-08,2026-10-21,19,154,2026-10-06,2026-10-10,https://blix.pl/sklep/kaufland/gazetka/527532/
527493,Kaufland,Oferta Kaufland - Znicze,2026-10-08,2026-10-14,21,75,2026-10-06,2026-10-10,https://blix.pl/sklep/kaufland/gazetka/527493/
527484,Kaufland,Gazetka Tygodnia,2026-10-08,2026-10-14,71,585,2026-10-06,2026-10-07,https://blix.pl/sklep/kaufland/gazetka/527484/
528573,Biedronka,"Od czwartku, Z ladą tradycyjną",2026-10-08,2026-10-14,85,688,2026-10-10,2026-10-10,https://blix.pl/sklep/biedronka/gazetka/528573/
528570,Biedronka,Od czwartku,2026-10-08,2026-10-14,85,686,2026-10-10,2026-10-10,https://blix.pl/sklep/biedronka/gazetka/528570/
528549,Biedronka,"Od czwartku, Z ladą tradycyjną",2026-10-08,2026-10-14,84,687,2026-10-09,2026-10-09,https://blix.pl/sklep/biedronka/gazetka/528549/
528540,Biedronka,Od czwartku,2026-10-08,2026-10-14,84,685,2026-10-09,2026-10-09,https://blix.pl/sklep/biedronka/gazetka/528540/
528273,Biedronka,"Od czwartku, Z ladą tradycyjną",2026-10-08,2026-10-14,84,688,2026-10-08,2026-10-09,https://blix.pl/sklep/biedronka/gazetka/528273/
528270,Biedronka,Od czwartku,2026-10-08,2026-10-14,84,686,2026-10-08,2026-10-09,https://blix.pl/sklep/biedronka/gazetka/528270/
528258,Biedronka,Biedronkowe oszczędności od czwartku,2026-10-08,2026-10-10,21,57,2026-10-08,2026-10-10,https://blix.pl/sklep/biedronka/gazetka/528258/
528150,Biedronka,Przeliczamy promocje!,2026-10-08,2026-10-10,11,13,2026-10-08,2026-10-10,https://blix.pl/sklep/biedronka/gazetka/528150/
528021,Biedronka,Gang zaradniaków,2026-10-08,2026-10-10,5,19,2026-10-08,2026-10-10,https://blix.pl/sklep/biedronka/gazetka/528021/
528018,Biedronka,"Od czwartku, Z ladą tradycyjną",2026-10-08,2026-10-14,82,693,2026-10-07,2026-10-08,https://blix.pl/sklep/biedronka/gazetka/528018/
528015,Biedronka,Od czwartku,2026-10-08,2026-10-14,82,686,2026-10-07,2026-10-08,https://blix.pl/sklep/biedronka/gazetka/528015/
527571,Biedronka,Dania instant - przegląd cen,2026-10-08,2026-10-10,15,0,2026-10-07,2026-10-10,https://blix.pl/sklep/biedronka/gazetka/527571/
527556,Biedronka,Zakupowe Inspiracje w Biedronce,2026-10-06,,20,19,2026-10-06,2026-10-08,https://blix.pl/sklep/biedronka/gazetka/527556/
527466,Biedronka,Zakupowe Inspiracje - produkty do domu i dodatki modowe,2026-10-06,,19,18,2026-10-06,2026-10-09,https://blix.pl/sklep/biedronka/gazetka/527466/
527460,Biedronka,Festiwal wędlin,2026-10-06,2026-10-10,3,27,2026-10-06,2026-10-10,https://blix.pl/sklep/biedronka/gazetka/527460/
527424,Biedronka,Festiwal nabiału,2026-10-06,2026-10-10,7,43,2026-10-05,2026-10-10,https://blix.pl/sklep/biedronka/gazetka/527424/
528309,Lidl,Katalog,2026-10-05,2026-10-10,61,139,2026-10-09,2026-10-10,https://blix.pl/sklep/lidl/gazetka/528309/
528153,Lidl,Katalog,2026-10-05,2026-10-10,61,134,2026-10-08,2026-10-09,https://blix.pl/sklep/lidl/gazetka/528153/
528024,Lidl,Katalog,2026-10-05,2026-10-10,62,134,2026-10-08,2026-10-08,https://blix.pl/sklep/lidl/gazetka/528024/
527502,Lidl,Katalog,2026-10-05,2026-10-10,62,135,2026-10-06,2026-10-07,https://blix.pl/sklep/lidl/gazetka/527502/
527490,Lidl,Od poniedziałku,2026-10-05,2026-10-07,101,522,2026-10-06,2026-10-07,https://blix.pl/sklep/lidl/gazetka/527490/
527400,Lidl,Katalog,2026-10-05,2026-10-10,62,135,2026-10-05,2026-10-06,https://blix.pl/sklep/lidl/gazetka/527400/
527340,Lidl,Od poniedziałku,2026-10-05,2026-10-07,102,524,2026-10-05,2026-10-06,https://blix.pl/sklep/lidl/gazetka/527340/
527277,Lidl,Zakupowe inspiracje w Lidl,2026-10-05,2026-10-10,16,15,2026-10-05,2026-10-10,https://blix.pl/sklep/lidl/gazetka/527277/
527202,Lidl,Od poniedziałku,2026-10-05,2026-10-07,102,518,2026-10-04,2026-10-05,https://blix.pl/sklep/lidl/gazetka/527202/
526734,Lidl,Katalog,2026-10-05,2026-10-10,62,134,2026-10-01,2026-10-05,https://blix.pl/sklep/lidl/gazetka/526734/
526038,Lidl,Katalog,2026-10-05,2026-10-10,63,134,2026-09-28,2026-10-01,https://blix.pl/sklep/lidl/gazetka/526038/
527043,Kaufland,Mocny Start,2026-10-05,2026-10-07,31,288,2026-10-03,2026-10-07,https://blix.pl/sklep/kaufland/gazetka/527043/
528567,Biedronka,"Od poniedziałku, Z ladą tradycyjną",2026-10-05,2026-10-10,105,885,2026-10-10,2026-10-10,https://blix.pl/sklep/biedronka/gazetka/528567/
528564,Biedronka,Od poniedziałku,2026-10-05,2026-10-10,105,878,2026-10-10,2026-10-10,https://blix.pl/sklep/biedronka/gazetka/528564/
528198,Biedronka,"Od poniedziałku, Z ladą tradycyjną",2026-10-05,2026-10-10,103,883,2026-10-08,2026-10-09,https://blix.pl/sklep/biedronka/gazetka/528198/
528192,Biedronka,Od poniedziałku,2026-10-05,2026-10-10,103,876,2026-10-08,2026-10-09,https://blix.pl/sklep/biedronka/gazetka/528192/
528039,Biedronka,"Od poniedziałku, Z ladą tradycyjną",2026-10-05,2026-10-10,103,956,2026-10-08,2026-10-08,https://blix.pl/sklep/biedronka/gazetka/528039/
528036,Biedronka,Od poniedziałku,2026-10-05,2026-10-10,103,951,2026-10-08,2026-10-08,https://blix.pl/sklep/biedronka/gazetka/528036/
527313,Biedronka,Biedronkowe oszczędności od poniedziałku,2026-10-05,2026-10-07,21,57,2026-10-05,2026-10-07,https://blix.pl/sklep/biedronka/gazetka/527313/
527253,Biedronka,"Od poniedziałku, Z ladą tradycyjną",2026-10-05,2026-10-10,103,955,2026-10-05,2026-10-07,https://blix.pl/sklep/biedronka/gazetka/527253/
527250,Biedronka,Od poniedziałku,2026-10-05,2026-10-10,103,949,2026-10-05,2026-10-07,https://blix.pl/sklep/biedronka/gazetka/527250/
527232,Biedronka,Gang zaradniaków,2026-10-05,2026-10-10,10,98,2026-10-04,2026-10-07,https://blix.pl/sklep/biedronka/gazetka/527232/
527229,Biedronka,Czas na Toast!,2026-10-05,2026-10-17,38,124,2026-10-04,2026-10-10,https://blix.pl/sklep/biedronka/gazetka/527229/
527226,Biedronka,"Od poniedziałku, Z ladą tradycyjną",2026-10-05,2026-10-10,102,954,2026-10-04,2026-10-05,https://blix.pl/sklep/biedronka/gazetka/527226/
527223,Biedronka,Od poniedziałku,2026-10-05,2026-10-10,102,948,2026-10-04,2026-10-05,https://blix.pl/sklep/biedronka/gazetka/527223/
527100,Biedronka,Owoce i warzywa - przegląd cen i ciekawostki,2026-10-05,2026-10-10,17,0,2026-10-04,2026-10-09,https://blix.pl/sklep/biedronka/gazetka/527100/
526932,Kaufland,Oferta Kaufland - SUPER SOBOTA,2026-10-03,2026-10-03,29,234,2026-10-02,2026-10-03,https://blix.pl/sklep/kaufland/gazetka/526932/
528030,Biedronka,"Hity i inspiracje, od 03.10",2026-10-03,2026-10-21,47,340,2026-10-08,2026-10-10,https://blix.pl/sklep/biedronka/gazetka/528030/
527256,Biedronka,"Hity i inspiracje, od 03.10",2026-10-03,2026-10-21,47,340,2026-10-05,2026-10-07,https://blix.pl/sklep/biedronka/gazetka/527256/
527154,Biedronka,Najtańsza sobota,2026-10-03,2026-10-03,3,9,2026-10-02,2026-10-03,https://blix.pl/sklep/biedronka/gazetka/527154/
526860,Biedronka,"Hity i inspiracje, od 03.10",2026-10-03,2026-10-21,45,340,2026-10-02,2026-10-05,https://blix.pl/sklep/biedronka/gazetka/526860/
526887,Biedronka,Zakupowe Inspiracje - produkty do domu i dodatki modowe,2026-10-02,,19,18,2026-10-02,2026-10-05,https://blix.pl/sklep/biedronka/gazetka/526887/
526851,Biedronka,Tani Weekend,2026-10-02,2026-10-03,4,27,2026-10-02,2026-10-03,https://blix.pl/sklep/biedronka/gazetka/526851/
526839,Biedronka,Tani Weekend,2026-10-02,2026-10-03,3,0,2026-10-01,2026-10-01,https://blix.pl/sklep/biedronka/gazetka/526839/
526764,Biedronka,Chemia domowa - przegląd cen,2026-10-02,2026-10-05,14,0,2026-10-02,2026-10-05,https://blix.pl/sklep/biedronka/gazetka/526764/
526095,Biedronka,Zakupowe Inspiracje w Biedronce,2026-10-02,,20,19,2026-10-02,2026-10-05,https://blix.pl/sklep/biedronka/gazetka/526095/
527157,Lidl,Oferta od czwartku,2026-10-01,2026-10-03,106,518,2026-10-03,2026-10-03,https://blix.pl/sklep/lidl/gazetka/527157/
527109,Lidl,Oferta od czwartku,2026-10-01,2026-10-03,106,518,2026-10-02,2026-10-02,https://blix.pl/sklep/lidl/gazetka/527109/
526827,Lidl,Oferta od czwartku,2026-10-01,2026-10-03,106,518,2026-10-01,2026-10-02,https://blix.pl/sklep/lidl/gazetka/526827/
526344,Lidl,Oferta od czwartku,2026-10-01,2026-10-03,110,519,2026-09-30,2026-10-01,https://blix.pl/sklep/lidl/gazetka/526344/
527217,Kaufland,Gazetka Tygodnia,2026-10-01,2026-10-07,68,542,2026-10-04,2026-10-07,https://blix.pl/sklep/kaufland/gazetka/527217/
526602,Kaufland,Najlepsze promocje!,2026-10-01,2026-10-07,11,14,2026-10-01,2026-10-07,https://blix.pl/sklep/kaufland/gazetka/526602/
526281,Kaufland,Barek Kauflandu,2026-10-01,2026-10-14,37,141,2026-09-29,2026-10-10,https://blix.pl/sklep/kaufland/gazetka/526281/
526170,Kaufland,Oferta Kaufland - Zwierzaki,2026-10-01,2026-10-14,19,148,2026-09-29,2026-10-10,https://blix.pl/sklep/kaufland/gazetka/526170/
526146,Kaufland,Oferta Kaufland - Non Food,2026-10-01,2026-10-14,19,143,2026-09-29,2026-10-07,https://blix.pl/sklep/kaufland/gazetka/526146/
526143,Kaufland,Gazetka Tygodnia,2026-10-01,2026-10-07,68,589,2026-09-29,2026-10-03,https://blix.pl/sklep/kaufland/gazetka/526143/
526056,Kaufland,Oferta Kaufland - Znicze,2026-10-01,2026-10-07,21,77,2026-09-29,2026-10-07,https://blix.pl/sklep/kaufland/gazetka/526056/
527163,Biedronka,"Od czwartku, Z ladą tradycyjną",2026-10-01,2026-10-07,96,221,2026-10-03,2026-10-07,https://blix.pl/sklep/biedronka/gazetka/527163/
527160,Biedronka,Od czwartku,2026-10-01,2026-10-07,96,667,2026-10-03,2026-10-07,https://blix.pl/sklep/biedronka/gazetka/527160/
526848,Biedronka,"Od czwartku, Z ladą tradycyjną",2026-10-01,2026-10-07,95,217,2026-10-02,2026-10-02,https://blix.pl/sklep/biedronka/gazetka/526848/
526845,Biedronka,Od czwartku,2026-10-01,2026-10-07,95,663,2026-10-02,2026-10-02,https://blix.pl/sklep/biedronka/gazetka/526845/
526758,Biedronka,"Od czwartku, Z ladą tradycyjną",2026-10-01,2026-10-07,95,674,2026-10-01,2026-10-01,https://blix.pl/sklep/biedronka/gazetka/526758/
526755,Biedronka,Biedronkowe oszczędności od czwartku,2026-10-01,2026-10-03,19,45,2026-10-01,2026-10-03,https://blix.pl/sklep/biedronka/gazetka/526755/
526752,Biedronka,Od czwartku,2026-10-01,2026-10-07,95,663,2026-10-01,2026-10-01,https://blix.pl/sklep/biedronka/gazetka/526752/
526746,Biedronka,Nowości w Biedronce!,2026-10-01,2026-10-03,11,0,2026-10-01,2026-10-03,https://blix.pl/sklep/biedronka/gazetka/526746/
526611,Biedronka,"Od czwartku, Z ladą tradycyjną",2026-10-01,2026-10-07,95,673,2026-09-30,2026-10-01,https://blix.pl/sklep/biedronka/gazetka/526611/
526608,Biedronka,Od czwartku,2026-10-01,2026-10-07,95,662,2026-09-30,2026-10-01,https://blix.pl/sklep/biedronka/gazetka/526608/
526179,Biedronka,Produkty na jesienną zupę - przegląd cen,2026-10-01,2026-10-03,15,0,2026-09-30,2026-10-03,https://blix.pl/sklep/biedronka/gazetka/526179/
528363,Lidl,Katalog alkoholi mocnych,2026-09-29,2026-10-31,24,75,2026-10-09,2026-10-10,https://blix.pl/sklep/lidl/gazetka/528363/
527037,Lidl,Katalog alkoholi mocnych,2026-09-29,2026-10-31,23,67,2026-10-02,2026-10-09,https://blix.pl/sklep/lidl/gazetka/527037/
526182,Lidl,Karta Win,2026-09-29,2026-10-31,24,46,2026-09-29,2026-10-10,https://blix.pl/sklep/lidl/gazetka/526182/
526173,Lidl,Katalog alkoholi mocnych,2026-09-29,2026-10-31,22,59,2026-09-29,2026-10-02,https://blix.pl/sklep/lidl/gazetka/526173/
526353,Biedronka,Super okazje na koniec miesiąca,2026-09-29,2026-09-30,16,147,2026-09-30,2026-09-30,https://blix.pl/sklep/biedronka/gazetka/526353/
526338,Biedronka,Super okazje na koniec miesiąca,2026-09-29,2026-09-30,15,147,2026-09-30,2026-09-30,https://blix.pl/sklep/biedronka/gazetka/526338/
526320,Biedronka,Super okazje na koniec miesiąca,2026-09-29,2026-09-30,8,0,2026-09-29,2026-09-29,https://blix.pl/sklep/biedronka/gazetka/526320/
526098,Biedronka,Zakupowe Inspiracje - produkty do domu i dodatki modowe,2026-09-29,,18,16,2026-09-29,2026-10-01,https://blix.pl/sklep/biedronka/gazetka/526098/
526092,Biedronka,Zakupowe Inspiracje w Biedronce,2026-09-29,,17,16,2026-09-29,2026-10-01,https://blix.pl/sklep/biedronka/gazetka/526092/
526074,Biedronka,Festiwal wędlin,2026-09-29,2026-10-03,3,18,2026-09-29,2026-10-03,https://blix.pl/sklep/biedronka/gazetka/526074/
526731,Lidl,Katalog,2026-09-28,2026-10-03,64,141,2026-10-01,2026-10-03,https://blix.pl/sklep/lidl/gazetka/526731/
526215,Lidl,Katalog,2026-09-28,2026-10-03,64,141,2026-09-29,2026-10-01,https://blix.pl/sklep/lidl/gazetka/526215/
526032,Lidl,Oferta od poniedziałku,2026-09-28,2026-09-30,103,513,2026-09-28,2026-09-30,https://blix.pl/sklep/lidl/gazetka/526032/
525459,Lidl,Katalog,2026-09-28,2026-10-03,59,140,2026-09-28,2026-09-29,https://blix.pl/sklep/lidl/gazetka/525459/
525723,Kaufland,Mocny Start,2026-09-28,2026-09-30,31,266,2026-09-28,2026-09-30,https://blix.pl/sklep/kaufland/gazetka/525723/
526674,Biedronka,"Od poniedziałku, Z ladą tradycyjną",2026-09-28,2026-10-03,118,1020,2026-10-01,2026-10-03,https://blix.pl/sklep/biedronka/gazetka/526674/
526671,Biedronka,Od poniedziałku,2026-09-28,2026-10-03,118,1009,2026-10-01,2026-10-03,https://blix.pl/sklep/biedronka/gazetka/526671/
526614,Biedronka,Gang zaradniaków,2026-09-28,2026-10-03,6,20,2026-09-30,2026-10-03,https://blix.pl/sklep/biedronka/gazetka/526614/
526449,Biedronka,"Od poniedziałku, Z ladą tradycyjną",2026-09-28,2026-10-03,118,1161,2026-09-30,2026-10-01,https://blix.pl/sklep/biedronka/gazetka/526449/
526431,Biedronka,Od poniedziałku,2026-09-28,2026-10-03,118,1154,2026-09-30,2026-10-01,https://blix.pl/sklep/biedronka/gazetka/526431/
526326,Biedronka,"Od poniedziałku, Z ladą tradycyjną",2026-09-28,2026-10-03,117,1158,2026-09-29,2026-09-30,https://blix.pl/sklep/biedronka/gazetka/526326/
526323,Biedronka,Od poniedziałku,2026-09-28,2026-10-03,117,1150,2026-09-29,2026-09-30,https://blix.pl/sklep/biedronka/gazetka/526323/
526062,Biedronka,"Od poniedziałku, Z ladą tradycyjną",2026-09-28,2026-10-03,108,1115,2026-09-28,2026-09-29,https://blix.pl/sklep/biedronka/gazetka/526062/
526059,Biedronka,Od poniedziałku,2026-09-28,2026-10-03,108,1106,2026-09-28,2026-09-29,https://blix.pl/sklep/biedronka/gazetka/526059/
525951,Biedronka,Biedronkowe oszczędności od poniedziałku,2026-09-28,2026-09-30,22,80,2026-09-28,2026-09-30,https://blix.pl/sklep/biedronka/gazetka/525951/
525915,Biedronka,Pyszne dania w kilka chwil,2026-09-28,2026-10-03,6,52,2026-09-28,2026-10-03,https://blix.pl/sklep/biedronka/gazetka/525915/
525891,Biedronka,Gang zaradniaków,2026-09-28,2026-10-03,11,107,2026-09-28,2026-09-30,https://blix.pl/sklep/biedronka/gazetka/525891/
525888,Biedronka,Dzień zwierzaka,2026-09-28,2026-10-03,6,56,2026-09-28,2026-10-03,https://blix.pl/sklep/biedronka/gazetka/525888/
528033,Biedronka,"Hity i inspiracje, od 26.09",2026-09-26,2026-10-14,50,290,2026-10-08,2026-10-10,https://blix.pl/sklep/biedronka/gazetka/528033/
526539,Biedronka,"Hity i inspiracje, od 26.09",2026-09-26,2026-10-14,50,290,2026-09-30,2026-10-07,https://blix.pl/sklep/biedronka/gazetka/526539/
525879,Biedronka,"Hity i inspiracje, od 26.09",2026-09-26,2026-10-14,50,290,2026-09-28,2026-09-30,https://blix.pl/sklep/biedronka/gazetka/525879/
525588,Biedronka,Zakupowe Inspiracje w Biedronce,2026-09-25,,21,21,2026-09-28,2026-09-28,https://blix.pl/sklep/biedronka/gazetka/525588/
525585,Biedronka,Zakupowe Inspiracje - produkty do domu i dodatki modowe,2026-09-25,,19,18,2026-09-28,2026-09-28,https://blix.pl/sklep/biedronka/gazetka/525585/
525465,Biedronka,Kawa i słodkości - przegląd cen,2026-09-25,2026-09-28,15,7,2026-09-28,2026-09-28,https://blix.pl/sklep/biedronka/gazetka/525465/
525906,Kaufland,Gazetka Tygodnia,2026-09-24,2026-09-30,70,560,2026-09-28,2026-09-30,https://blix.pl/sklep/kaufland/gazetka/525906/
524721,Kaufland,Oferta Kaufland - Non Food,2026-09-24,2026-10-07,17,126,2026-09-28,2026-10-01,https://blix.pl/sklep/kaufland/gazetka/524721/
524622,Kaufland,Oferta Kaufland - Znicze,2026-09-24,2026-09-30,21,74,2026-09-28,2026-09-30,https://blix.pl/sklep/kaufland/gazetka/524622/
525678,Biedronka,"Od czwartku, Z ladą tradycyjną",2026-09-24,2026-09-30,97,688,2026-09-28,2026-09-30,https://blix.pl/sklep/biedronka/gazetka/525678/
525675,Biedronka,Od czwartku,2026-09-24,2026-09-30,97,684,2026-09-28,2026-09-30,https://blix.pl/sklep/biedronka/gazetka/525675/
524451,Biedronka,Czas na toast,2026-09-21,2026-10-03,41,180,2026-09-28,2026-10-03,https://blix.pl/sklep/biedronka/gazetka/524451/
524442,Biedronka,"Znicze, wkłady i kwiaty",2026-09-21,,17,63,2026-09-28,2026-10-03,https://blix.pl/sklep/biedronka/gazetka/524442/
526536,Biedronka,"Hity i inspiracje, od 19.09",2026-09-19,2026-10-07,47,287,2026-09-30,2026-10-07,https://blix.pl/sklep/biedronka/gazetka/526536/
525876,Biedronka,"Hity i inspiracje, od 19.09",2026-09-19,2026-10-07,47,287,2026-09-28,2026-09-30,https://blix.pl/sklep/biedronka/gazetka/525876/
528558,Lidl,Rewolucja Cenowa!,2026-09-16,2026-12-31,33,202,2026-10-09,2026-10-10,https://blix.pl/sklep/lidl/gazetka/528558/
525303,Biedronka,"Hity i inspiracje, od 12.09",2026-09-12,2026-09-30,48,336,2026-09-28,2026-09-30,https://blix.pl/sklep/biedronka/gazetka/525303/
525918,Lidl,Rewolucja Cenowa!,2026-08-21,2026-09-30,33,129,2026-09-28,2026-09-30,https://blix.pl/sklep/lidl/gazetka/525918/
522984,Lidl,Kompletna Wyprawka W Megacenach,2026-07-14,2026-09-30,75,67,2026-09-28,2026-09-30,https://blix.pl/sklep/lidl/gazetka/522984/
523359,Kaufland,Barek Kauflandu,,2026-09-30,37,153,2026-09-28,2026-09-30,https://blix.pl/sklep/kaufland/gazetka/523359/
458402,Kaufland,Plakat informacyjny - obowiązywanie gazetek,,2026-12-31,2,0,2026-09-28,2026-10-10,https://blix.pl/sklep/kaufland/gazetka/458402/
